year,us_arrivals,nyc_share,nyc_arrivals,intensity,tier,source
1719,3076,0.15,461,0.0005,2,colonial-estimate
1720,3219,0.15,483,0.0005,2,colonial-estimate
1721,3364,0.15,505,0.0005,2,colonial-estimate
1722,3513,0.15,527,0.0005,2,colonial-estimate
1723,3668,0.15,550,0.0006,2,colonial-estimate
1724,3830,0.15,574,0.0006,2,colonial-estimate
1725,4000,0.15,600,0.0006,2,colonial-estimate
1726,4198,0.15,630,0.0007,2,colonial-estimate
1727,4432,0.15,665,0.0007,2,colonial-estimate
1728,4689,0.15,703,0.0007,2,colonial-estimate
1729,4956,0.15,743,0.0008,2,colonial-estimate
1730,5219,0.15,783,0.0008,2,colonial-estimate
1731,5464,0.15,820,0.0009,2,colonial-estimate
1732,5678,0.15,852,0.0009,2,colonial-estimate
1733,5848,0.15,877,0.0009,2,colonial-estimate
1734,5960,0.15,894,0.0009,2,colonial-estimate
1735,6000,0.15,900,0.0009,2,colonial-estimate
1736,5944,0.15,892,0.0009,2,colonial-estimate
1737,5792,0.15,869,0.0009,2,colonial-estimate
1738,5568,0.15,835,0.0009,2,colonial-estimate
1739,5296,0.15,794,0.0008,2,colonial-estimate
1740,5000,0.15,750,0.0008,2,colonial-estimate
1741,4704,0.15,706,0.0007,2,colonial-estimate
1742,4432,0.15,665,0.0007,2,colonial-estimate
1743,4208,0.15,631,0.0007,2,colonial-estimate
1744,4056,0.15,608,0.0006,2,colonial-estimate
1745,4000,0.15,600,0.0006,2,colonial-estimate
1746,4112,0.15,617,0.0006,2,colonial-estimate
1747,4416,0.15,662,0.0007,2,colonial-estimate
1748,4864,0.15,730,0.0008,2,colonial-estimate
1749,5408,0.15,811,0.0008,2,colonial-estimate
1750,6000,0.15,900,0.0009,2,colonial-estimate
1751,6592,0.15,989,0.001,2,colonial-estimate
1752,7136,0.15,1070,0.0011,2,colonial-estimate
1753,7584,0.15,1138,0.0012,2,colonial-estimate
1754,7888,0.15,1183,0.0012,2,colonial-estimate
1755,8000,0.15,1200,0.0012,2,colonial-estimate
1756,8000,0.2,1600,0.0017,2,colonial-estimate
1757,7996,0.2,1599,0.0017,2,colonial-estimate
1758,7986,0.2,1597,0.0017,2,colonial-estimate
1759,7968,0.2,1594,0.0017,2,colonial-estimate
1760,7938,0.2,1588,0.0016,2,colonial-estimate
1761,7892,0.2,1578,0.0016,2,colonial-estimate
1762,7828,0.2,1566,0.0016,2,colonial-estimate
1763,7744,0.2,1549,0.0016,2,colonial-estimate
1764,7636,0.2,1527,0.0016,2,colonial-estimate
1765,7500,0.2,1500,0.0016,2,colonial-estimate
1766,7252,0.2,1450,0.0015,2,colonial-estimate
1767,6840,0.2,1368,0.0014,2,colonial-estimate
1768,6308,0.2,1262,0.0013,2,colonial-estimate
1769,5700,0.2,1140,0.0012,2,colonial-estimate
1770,5062,0.2,1012,0.001,2,colonial-estimate
1771,4440,0.2,888,0.0009,2,colonial-estimate
1772,3878,0.2,776,0.0008,2,colonial-estimate
1773,3420,0.2,684,0.0007,2,colonial-estimate
1774,3112,0.2,622,0.0006,2,colonial-estimate
1775,3000,0.2,600,0.0006,2,colonial-estimate
1776,3000,0.2,600,0.0006,2,colonial-estimate
1777,3000,0.2,600,0.0006,2,colonial-estimate
1778,3000,0.2,600,0.0006,2,colonial-estimate
1779,3000,0.2,600,0.0006,2,colonial-estimate
1780,3000,0.2,600,0.0006,2,colonial-estimate
1781,3000,0.2,600,0.0006,2,colonial-estimate
1782,3000,0.2,600,0.0006,2,colonial-estimate
1783,3000,0.2,600,0.0006,2,colonial-estimate
1784,3000,0.2,600,0.0006,2,colonial-estimate
1785,3000,0.2,600,0.0006,2,colonial-estimate
1786,3084,0.2,617,0.0006,2,colonial-estimate
1787,3312,0.2,662,0.0007,2,colonial-estimate
1788,3648,0.2,730,0.0008,2,colonial-estimate
1789,4056,0.2,811,0.0008,2,colonial-estimate
1790,4500,0.2,900,0.0009,2,colonial-estimate
1791,4944,0.2,989,0.001,2,colonial-estimate
1792,5352,0.2,1070,0.0011,2,colonial-estimate
1793,5688,0.2,1138,0.0012,2,colonial-estimate
1794,5916,0.2,1183,0.0012,2,colonial-estimate
1795,6000,0.2,1200,0.0012,2,colonial-estimate
1796,6000,0.2,1200,0.0012,2,colonial-estimate
1797,6000,0.2,1200,0.0012,2,colonial-estimate
1798,6000,0.2,1200,0.0012,2,colonial-estimate
1799,6000,0.2,1200,0.0012,2,colonial-estimate
1800,6000,0.2,1200,0.0012,2,colonial-estimate
1801,6000,0.35,2100,0.0022,2,colonial-estimate
1802,6000,0.35,2100,0.0022,2,colonial-estimate
1803,6000,0.35,2100,0.0022,2,colonial-estimate
1804,6000,0.35,2100,0.0022,2,colonial-estimate
1805,6000,0.35,2100,0.0022,2,colonial-estimate
1806,6000,0.35,2100,0.0022,2,colonial-estimate
1807,6000,0.35,2100,0.0022,2,colonial-estimate
1808,6000,0.35,2100,0.0022,2,colonial-estimate
1809,6000,0.35,2100,0.0022,2,colonial-estimate
1810,6000,0.35,2100,0.0022,2,colonial-estimate
1811,6000,0.35,2100,0.0022,2,colonial-estimate
1812,6000,0.35,2100,0.0022,2,colonial-estimate
1813,6000,0.35,2100,0.0022,2,colonial-estimate
1814,6000,0.35,2100,0.0022,2,colonial-estimate
1815,6000,0.35,2100,0.0022,2,colonial-estimate
1816,6172,0.35,2160,0.0022,2,colonial-estimate
1817,6612,0.35,2314,0.0024,2,colonial-estimate
1818,7205,0.35,2522,0.0026,2,colonial-estimate
1819,7836,0.35,2743,0.0028,2,colonial-estimate
1820,8390,0.35,2936,0.003,1,dhs-table-1
1821,9130,0.35,3196,0.0033,1,dhs-table-1
1822,6910,0.35,2418,0.0025,1,dhs-table-1
1823,6350,0.35,2222,0.0023,1,dhs-table-1
1824,7910,0.35,2768,0.0029,1,dhs-table-1
1825,10200,0.6,6120,0.0063,1,dhs-table-1
1826,10840,0.6,6504,0.0067,1,dhs-table-1
1827,18880,0.6,11328,0.0118,1,dhs-table-1
1828,27380,0.6,16428,0.017,1,dhs-table-1
1829,22520,0.6,13512,0.014,1,dhs-table-1
1830,23320,0.6,13992,0.0145,1,dhs-table-1
1831,22630,0.6,13578,0.0141,1,dhs-table-1
1832,60480,0.6,36288,0.0376,1,dhs-table-1
1833,58640,0.6,35184,0.0365,1,dhs-table-1
1834,65370,0.6,39222,0.0407,1,dhs-table-1
1835,45370,0.6,27222,0.0282,1,dhs-table-1
1836,76240,0.6,45744,0.0475,1,dhs-table-1
1837,79340,0.6,47604,0.0494,1,dhs-table-1
1838,38910,0.6,23346,0.0242,1,dhs-table-1
1839,68070,0.6,40842,0.0424,1,dhs-table-1
1840,84070,0.6,50442,0.0523,1,dhs-table-1
1841,80290,0.6,48174,0.05,1,dhs-table-1
1842,104570,0.6,62742,0.0651,1,dhs-table-1
1843,52500,0.6,31500,0.0327,1,dhs-table-1
1844,78620,0.6,47172,0.0489,1,dhs-table-1
1845,114370,0.6,68622,0.0712,1,dhs-table-1
1846,154420,0.6,92652,0.0961,1,dhs-table-1
1847,234970,0.6,140982,0.1462,1,dhs-table-1
1848,226530,0.6,135918,0.141,1,dhs-table-1
1849,297020,0.6,178212,0.1849,1,dhs-table-1
1850,369980,0.6,221988,0.2303,1,dhs-table-1
1851,379470,0.6,227682,0.2362,1,dhs-table-1
1852,371600,0.6,222960,0.2313,1,dhs-table-1
1853,368650,0.6,221190,0.2294,1,dhs-table-1
1854,427830,0.6,256698,0.2663,1,dhs-table-1
1855,200880,0.7,140616,0.1459,1,dhs-table-1
1856,200440,0.7,140308,0.1455,1,dhs-table-1
1857,251310,0.7,175917,0.1825,1,dhs-table-1
1858,123130,0.7,86191,0.0894,1,dhs-table-1
1859,121280,0.7,84896,0.0881,1,dhs-table-1
1860,153640,0.7,107548,0.1116,1,dhs-table-1
1861,91920,0.7,64344,0.0667,1,dhs-table-1
1862,91990,0.7,64393,0.0668,1,dhs-table-1
1863,176280,0.7,123396,0.128,1,dhs-table-1
1864,193420,0.7,135394,0.1404,1,dhs-table-1
1865,248120,0.7,173684,0.1802,1,dhs-table-1
1866,318570,0.7,222999,0.2313,1,dhs-table-1
1867,315720,0.7,221004,0.2293,1,dhs-table-1
1868,138840,0.7,97188,0.1008,1,dhs-table-1
1869,352770,0.7,246939,0.2562,1,dhs-table-1
1870,387200,0.7,271040,0.2812,1,dhs-table-1
1871,321350,0.7,224945,0.2333,1,dhs-table-1
1872,404810,0.7,283367,0.2939,1,dhs-table-1
1873,459800,0.7,321860,0.3339,1,dhs-table-1
1874,313340,0.7,219338,0.2275,1,dhs-table-1
1875,227500,0.7,159250,0.1652,1,dhs-table-1
1876,169990,0.7,118993,0.1234,1,dhs-table-1
1877,141860,0.7,99302,0.103,1,dhs-table-1
1878,138470,0.7,96929,0.1005,1,dhs-table-1
1879,177830,0.7,124481,0.1291,1,dhs-table-1
1880,457260,0.7,320082,0.332,1,dhs-table-1
1881,669430,0.7,468601,0.4861,1,dhs-table-1
1882,788990,0.7,552293,0.5729,1,dhs-table-1
1883,603320,0.7,422324,0.4381,1,dhs-table-1
1884,518590,0.7,363013,0.3766,1,dhs-table-1
1885,395350,0.7,276745,0.2871,1,dhs-table-1
1886,334200,0.7,233940,0.2427,1,dhs-table-1
1887,490110,0.7,343077,0.3559,1,dhs-table-1
1888,546890,0.7,382823,0.3971,1,dhs-table-1
1889,444430,0.7,311101,0.3227,1,dhs-table-1
1890,455300,0.7,318710,0.3306,1,dhs-table-1
1891,560320,0.7,392224,0.4069,1,dhs-table-1
1892,579660,0.75,434745,0.451,1,dhs-table-1
1893,439730,0.75,329798,0.3421,1,dhs-table-1
1894,285630,0.75,214222,0.2222,1,dhs-table-1
1895,258540,0.75,193905,0.2011,1,dhs-table-1
1896,343270,0.75,257452,0.2671,1,dhs-table-1
1897,230830,0.75,173122,0.1796,1,dhs-table-1
1898,229300,0.75,171975,0.1784,1,dhs-table-1
1899,311720,0.75,233790,0.2425,1,dhs-table-1
1900,448570,0.75,336428,0.349,1,dhs-table-1
1901,487920,0.75,365940,0.3796,1,dhs-table-1
1902,648740,0.75,486555,0.5047,1,dhs-table-1
1903,857050,0.75,642788,0.6668,1,dhs-table-1
1904,812870,0.75,609652,0.6324,1,dhs-table-1
1905,1026500,0.75,769875,0.7986,1,dhs-table-1
1906,1100740,0.75,825555,0.8564,1,dhs-table-1
1907,1285350,0.75,964012,1.0,1,dhs-table-1
1908,782870,0.75,587152,0.6091,1,dhs-table-1
1909,751790,0.75,563842,0.5849,1,dhs-table-1
1910,1041570,0.75,781178,0.8103,1,dhs-table-1
1911,878590,0.75,658942,0.6835,1,dhs-table-1
1912,838170,0.75,628628,0.6521,1,dhs-table-1
1913,1197890,0.75,898418,0.932,1,dhs-table-1
1914,1218480,0.75,913860,0.948,1,dhs-table-1
1915,326700,0.75,245025,0.2542,1,dhs-table-1
1916,298830,0.75,224122,0.2325,1,dhs-table-1
1917,295400,0.75,221550,0.2298,1,dhs-table-1
1918,110620,0.75,82965,0.0861,1,dhs-table-1
1919,141130,0.75,105848,0.1098,1,dhs-table-1
1920,430000,0.75,322500,0.3345,1,dhs-table-1
1921,805230,0.75,603922,0.6265,1,dhs-table-1
1922,309560,0.75,232170,0.2408,1,dhs-table-1
1923,522920,0.75,392190,0.4068,1,dhs-table-1
1924,706900,0.75,530175,0.55,1,dhs-table-1
1925,294310,0.65,191302,0.1984,1,dhs-table-1
1926,304490,0.65,197918,0.2053,1,dhs-table-1
1927,335180,0.65,217867,0.226,1,dhs-table-1
1928,307260,0.65,199719,0.2072,1,dhs-table-1
1929,279680,0.65,181792,0.1886,1,dhs-table-1
1930,241700,0.65,157105,0.163,1,dhs-table-1
1931,97140,0.65,63141,0.0655,1,dhs-table-1
1932,35580,0.65,23127,0.024,1,dhs-table-1
1933,23070,0.65,14996,0.0156,1,dhs-table-1
1934,29470,0.65,19156,0.0199,1,dhs-table-1
1935,34960,0.65,22724,0.0236,1,dhs-table-1
1936,36330,0.65,23614,0.0245,1,dhs-table-1
1937,50240,0.65,32656,0.0339,1,dhs-table-1
1938,67900,0.65,44135,0.0458,1,dhs-table-1
1939,83000,0.65,53950,0.056,1,dhs-table-1
1940,70760,0.65,45994,0.0477,1,dhs-table-1
1941,51780,0.65,33657,0.0349,1,dhs-table-1
1942,28780,0.65,18707,0.0194,1,dhs-table-1
1943,23730,0.65,15424,0.016,1,dhs-table-1
1944,28550,0.65,18558,0.0193,1,dhs-table-1
1945,38120,0.65,24778,0.0257,1,dhs-table-1
1946,108720,0.55,59796,0.062,1,dhs-table-1
1947,147290,0.55,81010,0.084,1,dhs-table-1
1948,170570,0.55,93814,0.0973,1,dhs-table-1
1949,188320,0.55,103576,0.1074,1,dhs-table-1
1950,249190,0.55,137054,0.1422,1,dhs-table-1
1951,205720,0.55,113146,0.1174,1,dhs-table-1
1952,265520,0.55,146036,0.1515,1,dhs-table-1
1953,170430,0.55,93737,0.0972,1,dhs-table-1
1954,208180,0.55,114499,0.1188,1,dhs-table-1
1955,237790,0.3,71337,0.074,1,dhs-table-1
1956,321630,0.3,96489,0.1001,1,dhs-table-1
1957,326870,0.3,98061,0.1017,1,dhs-table-1
1958,253270,0.3,75981,0.0788,1,dhs-table-1
1959,260690,0.3,78207,0.0811,1,dhs-table-1
1960,265400,0.3,79620,0.0826,1,dhs-table-1
1961,271340,0.3,81402,0.0844,1,dhs-table-1
1962,283760,0.3,85128,0.0883,1,dhs-table-1
1963,306260,0.3,91878,0.0953,1,dhs-table-1
1964,292250,0.3,87675,0.0909,1,dhs-table-1
1965,296700,0.3,89010,0.0923,1,dhs-table-1
1966,323040,0.3,96912,0.1005,1,dhs-table-1
1967,361970,0.3,108591,0.1126,1,dhs-table-1
1968,454450,0.3,136335,0.1414,1,dhs-table-1
1969,358580,0.3,107574,0.1116,1,dhs-table-1
1970,373330,0.3,111999,0.1162,1,dhs-table-1
1971,370480,0.3,111144,0.1153,1,dhs-table-1
1972,384690,0.3,115407,0.1197,1,dhs-table-1
1973,398520,0.3,119556,0.124,1,dhs-table-1
1974,393920,0.3,118176,0.1226,1,dhs-table-1
1975,385380,0.3,115614,0.1199,1,dhs-table-1
1976,499090,0.22,109800,0.1139,1,dhs-table-1
1977,458760,0.22,100927,0.1047,1,dhs-table-1
1978,589810,0.22,129758,0.1346,1,dhs-table-1
1979,394240,0.22,86733,0.09,1,dhs-table-1
1980,524300,0.22,115346,0.1197,1,dhs-table-1
1981,595010,0.22,130902,0.1358,1,dhs-table-1
1982,533620,0.22,117396,0.1218,1,dhs-table-1
1983,550050,0.22,121011,0.1255,1,dhs-table-1
1984,541810,0.22,119198,0.1236,1,dhs-table-1
1985,568150,0.22,124993,0.1297,1,dhs-table-1
1986,600030,0.22,132007,0.1369,1,dhs-table-1
1987,599890,0.22,131976,0.1369,1,dhs-table-1
1988,641350,0.22,141097,0.1464,1,dhs-table-1
1989,1090170,0.22,239837,0.2488,1,dhs-table-1
1990,1535870,0.22,337891,0.3505,1,dhs-table-1
1991,1826600,0.15,273990,0.2842,1,dhs-table-1
1992,973450,0.15,146018,0.1515,1,dhs-table-1
1993,903920,0.15,135588,0.1406,1,dhs-table-1
1994,803990,0.15,120598,0.1251,1,dhs-table-1
1995,720180,0.15,108027,0.1121,1,dhs-table-1
1996,915560,0.15,137334,0.1425,1,dhs-table-1
1997,797850,0.15,119678,0.1241,1,dhs-table-1
1998,653210,0.15,97982,0.1016,1,dhs-table-1
1999,644790,0.15,96718,0.1003,1,dhs-table-1
2000,841000,0.15,126150,0.1309,1,dhs-table-1
2001,1058900,0.15,158835,0.1648,1,dhs-table-1
2002,1059360,0.15,158904,0.1648,1,dhs-table-1
2003,703540,0.15,105531,0.1095,1,dhs-table-1
2004,957880,0.15,143682,0.149,1,dhs-table-1
2005,1122260,0.15,168339,0.1746,1,dhs-table-1
2006,1266130,0.15,189920,0.197,1,dhs-table-1
2007,1052420,0.15,157863,0.1638,1,dhs-table-1
2008,1107130,0.15,166070,0.1723,1,dhs-table-1
2009,1130820,0.15,169623,0.176,1,dhs-table-1
2010,1042630,0.15,156394,0.1622,1,dhs-table-1
2011,1062040,0.13,138065,0.1432,1,dhs-table-1
2012,1031630,0.13,134112,0.1391,1,dhs-table-1
2013,990550,0.13,128772,0.1336,1,dhs-table-1
2014,1016520,0.13,132148,0.1371,1,dhs-table-1
2015,1051030,0.13,136634,0.1417,1,dhs-table-1
2016,1183510,0.13,153856,0.1596,1,dhs-table-1
2017,1127170,0.13,146532,0.152,1,dhs-table-1
2018,1096610,0.13,142559,0.1479,1,dhs-table-1
2019,1031770,0.13,134130,0.1391,1,dhs-table-1
2020,707360,0.13,91957,0.0954,1,dhs-table-1
2021,740000,0.13,96200,0.0998,1,dhs-table-1
2022,1018350,0.13,132386,0.1373,1,dhs-table-1
2023,1172910,0.13,152478,0.1582,1,dhs-table-1
2024,1172910,0.13,152478,0.1582,3,held-flat-from-2023
2025,1172910,0.13,152478,0.1582,3,held-flat-from-2023
2026,1172910,0.13,152478,0.1582,3,held-flat-from-2023
